{
    "asset_id_base": "USD",
    "rates": [
      {
        "time": "2019-01-25T23:47:01.6754729Z",
        "asset_id_quote": "LTC",
        "rate": 0.030537365914358224607146457
      },
      {
        "time": "2019-01-25T23:47:01.6754729Z",
        "asset_id_quote": "BTC",
        "rate": 0.0002807956773388707203621601
      },
      {
        "time": "2019-01-25T23:47:01.6754729Z",
        "asset_id_quote": "EOS",
        "rate": 0.4121926588487459038354526906
      },
      {
        "time": "2019-01-25T23:47:01.6754729Z",
        "asset_id_quote": "ETC",
        "rate": 0.2318602151511556498865332176
      },
      {
        "time": "2019-01-25T23:47:01.6754729Z",
        "asset_id_quote": "ETH",
        "rate": 0.0086911948499158260365934815
      },
      {
        "time": "2019-01-25T23:47:01.6754729Z",
        "asset_id_quote": "USDT",
        "rate": 1.0019743231865289462786319379
      }
    ]
  }